[
  {
    "id": "tbl-001",
    "consulta": "create table proceso_x.demo as select * from resultados_x.origen1",
    "tabla_origen": "resultados_x.origen1",
    "tabla_destino": "proceso_x.demo",
    "campo_origen": "*",
    "campo_destino": "*",
    "transformacion_aplicada": null,
    "recomendaciones": "post-scan tabla: patrón de esquema s_bani/proceso/resultados"
  },
  {
    "id": "tbl-002",
    "consulta": "create table resultados_x.final as select c1, c2 from proceso_x.demo",
    "tabla_origen": "proceso_x.demo",
    "tabla_destino": "resultados_x.final",
    "campo_origen": "*",
    "campo_destino": "*",
    "transformacion_aplicada": null,
    "recomendaciones": "post-scan tabla: patrón de esquema s_bani/proceso/resultados"
  },
  {
    "id": "tbl-003",
    "consulta": "create table proceso_y.aux as select * from s_bani_y.src",
    "tabla_origen": "s_bani_y.src",
    "tabla_destino": "proceso_y.aux",
    "campo_origen": "*",
    "campo_destino": "*",
    "transformacion_aplicada": null,
    "recomendaciones": "post-scan tabla: patrón de esquema s_bani/proceso/resultados"
  },
  {
    "id": "tbl-004",
    "consulta": "create table proceso_z.clean as select * from s_bani_z.raw_source",
    "tabla_origen": "s_bani_z.raw_source",
    "tabla_destino": "proceso_z.clean",
    "campo_origen": "*",
    "campo_destino": "*",
    "transformacion_aplicada": null,
    "recomendaciones": "ingesta cruda hacia zona proceso"
  },
  {
    "id": "tbl-005",
    "consulta": "create table proceso_z.stage as select * from lz.funcion.fn_source",
    "tabla_origen": "lz.funcion.fn_source",
    "tabla_destino": "proceso_z.stage",
    "campo_origen": "*",
    "campo_destino": "*",
    "transformacion_aplicada": null,
    "recomendaciones": "funcion -> proceso"
  },
  {
    "id": "tbl-006",
    "consulta": "create table resultados_z.mart as select * from proceso_z.clean",
    "tabla_origen": "proceso_z.clean",
    "tabla_destino": "resultados_z.mart",
    "campo_origen": "*",
    "campo_destino": "*",
    "transformacion_aplicada": "copy",
    "recomendaciones": ""
  },
  {
    "id": "tbl-007",
    "consulta": "create table resultados_y.report as select * from proceso_y.aux",
    "tabla_origen": "proceso_y.aux",
    "tabla_destino": "resultados_y.report",
    "campo_origen": "*",
    "campo_destino": "*",
    "transformacion_aplicada": null,
    "recomendaciones": ""
  },
  {
    "id": "tbl-008",
    "consulta": "create table proceso_a.clean_a as select * from s_bani_a.raw_a",
    "tabla_origen": "s_bani_a.raw_a",
    "tabla_destino": "proceso_a.clean_a",
    "campo_origen": "*",
    "campo_destino": "*",
    "transformacion_aplicada": null,
    "recomendaciones": "ingesta desde s_bani_a hacia proceso_a"
  },
  {
    "id": "tbl-009",
    "consulta": "create table resultados_a.mart_a as select * from proceso_a.clean_a",
    "tabla_origen": "proceso_a.clean_a",
    "tabla_destino": "resultados_a.mart_a",
    "campo_origen": "*",
    "campo_destino": "*",
    "transformacion_aplicada": "copy",
    "recomendaciones": ""
  },
  {
    "id": "tbl-010",
    "consulta": "create table proceso_c.stage_c as select * from s_bani_c.raw_c",
    "tabla_origen": "s_bani_c.raw_c",
    "tabla_destino": "proceso_c.stage_c",
    "campo_origen": "*",
    "campo_destino": "*",
    "transformacion_aplicada": null,
    "recomendaciones": ""
  },
  {
    "id": "tbl-011",
    "consulta": "create table proceso_c.curated_c as select * from proceso_c.stage_c",
    "tabla_origen": "proceso_c.stage_c",
    "tabla_destino": "proceso_c.curated_c",
    "campo_origen": "*",
    "campo_destino": "*",
    "transformacion_aplicada": "limpieza_basica",
    "recomendaciones": ""
  },
  {
    "id": "tbl-012",
    "consulta": "create table resultados_c.mart_c as select * from proceso_c.curated_c",
    "tabla_origen": "proceso_c.curated_c",
    "tabla_destino": "resultados_c.mart_c",
    "campo_origen": "*",
    "campo_destino": "*",
    "transformacion_aplicada": null,
    "recomendaciones": ""
  },
  {
    "id": "tbl-013",
    "consulta": "create table proceso_c.audit_c as select * from s_bani_c.logs_c",
    "tabla_origen": "s_bani_c.logs_c",
    "tabla_destino": "proceso_c.audit_c",
    "campo_origen": "*",
    "campo_destino": "*",
    "transformacion_aplicada": null,
    "recomendaciones": "carga de logs crudos"
  },
  {
    "id": "tbl-014",
    "consulta": "create table proceso_c.audit_curated as select * from proceso_c.audit_c",
    "tabla_origen": "proceso_c.audit_c",
    "tabla_destino": "proceso_c.audit_curated",
    "campo_origen": "*",
    "campo_destino": "*",
    "transformacion_aplicada": "normalizacion_logs",
    "recomendaciones": ""
  },
  {
    "id": "tbl-015",
    "consulta": "create table resultados_c.audit_report as select * from proceso_c.audit_curated",
    "tabla_origen": "proceso_c.audit_curated",
    "tabla_destino": "resultados_c.audit_report",
    "campo_origen": "*",
    "campo_destino": "*",
    "transformacion_aplicada": "copy",
    "recomendaciones": ""
  }
]
