[
  {
    "id": "fld-101",
    "consulta": "insert into proceso_x.demo select id, nombre from resultados_x.origen1",
    "tabla_origen": "resultados_x.origen1",
    "tabla_destino": "proceso_x.demo",
    "campo_origen": "id",
    "campo_destino": "id",
    "transformacion_aplicada": "copy",
    "recomendaciones": ""
  },
  {
    "id": "fld-102",
    "consulta": "insert into proceso_x.demo select id, nombre from resultados_x.origen1",
    "tabla_origen": "resultados_x.origen1",
    "tabla_destino": "proceso_x.demo",
    "campo_origen": "nombre",
    "campo_destino": "nombre",
    "transformacion_aplicada": "uppercase(nombre)",
    "recomendaciones": ""
  },
  {
    "id": "fld-201",
    "consulta": "insert into resultados_x.final select id, nombre from proceso_x.demo",
    "tabla_origen": "proceso_x.demo",
    "tabla_destino": "resultados_x.final",
    "campo_origen": "id",
    "campo_destino": "id",
    "transformacion_aplicada": null,
    "recomendaciones": ""
  },
  {
    "id": "fld-202",
    "consulta": "insert into resultados_x.final select id, nombre from proceso_x.demo",
    "tabla_origen": "proceso_x.demo",
    "tabla_destino": "resultados_x.final",
    "campo_origen": "nombre",
    "campo_destino": "nombre",
    "transformacion_aplicada": null,
    "recomendaciones": ""
  },
  {
    "id": "fld-301",
    "consulta": "insert into proceso_y.aux select codigo, 123 as valor from lz.estatico.src_tab",
    "tabla_origen": "lz.estatico.src_tab",
    "tabla_destino": "proceso_y.aux",
    "campo_origen": "123",
    "campo_destino": "valor",
    "transformacion_aplicada": null,
    "recomendaciones": "campo_origen numérico permitido por lz.estatico"
  },
  {
    "id": "fld-401",
    "consulta": "insert into proceso_z.clean select id_registro, fecha_evento, status from s_bani_z.raw_source",
    "tabla_origen": "s_bani_z.raw_source",
    "tabla_destino": "proceso_z.clean",
    "campo_origen": "id_registro",
    "campo_destino": "id_registro",
    "transformacion_aplicada": "copy",
    "recomendaciones": ""
  },
  {
    "id": "fld-402",
    "consulta": "insert into proceso_z.clean select id_registro, fecha_evento, status from s_bani_z.raw_source",
    "tabla_origen": "s_bani_z.raw_source",
    "tabla_destino": "proceso_z.clean",
    "campo_origen": "fecha_evento",
    "campo_destino": "fecha_evento",
    "transformacion_aplicada": "to_timestamp(fecha_evento)",
    "recomendaciones": ""
  },
  {
    "id": "fld-403",
    "consulta": "insert into proceso_z.clean select id_registro, fecha_evento, status from s_bani_z.raw_source",
    "tabla_origen": "s_bani_z.raw_source",
    "tabla_destino": "proceso_z.clean",
    "campo_origen": "status",
    "campo_destino": "status",
    "transformacion_aplicada": "upper(status)",
    "recomendaciones": ""
  },
  {
    "id": "fld-501",
    "consulta": "insert into proceso_z.stage select col_a, col_b from lz.funcion.fn_source",
    "tabla_origen": "lz.funcion.fn_source",
    "tabla_destino": "proceso_z.stage",
    "campo_origen": "col_a",
    "campo_destino": "col_a",
    "transformacion_aplicada": "copy",
    "recomendaciones": ""
  },
  {
    "id": "fld-502",
    "consulta": "insert into proceso_z.stage select col_a, col_b from lz.funcion.fn_source",
    "tabla_origen": "lz.funcion.fn_source",
    "tabla_destino": "proceso_z.stage",
    "campo_origen": "col_b",
    "campo_destino": "col_b",
    "transformacion_aplicada": "trim(col_b)",
    "recomendaciones": ""
  },
  {
    "id": "fld-601",
    "consulta": "insert into resultados_z.mart select id_registro, fecha_evento, status from proceso_z.clean",
    "tabla_origen": "proceso_z.clean",
    "tabla_destino": "resultados_z.mart",
    "campo_origen": "id_registro",
    "campo_destino": "id_registro",
    "transformacion_aplicada": null,
    "recomendaciones": ""
  },
  {
    "id": "fld-602",
    "consulta": "insert into resultados_z.mart select id_registro, fecha_evento, status from proceso_z.clean",
    "tabla_origen": "proceso_z.clean",
    "tabla_destino": "resultados_z.mart",
    "campo_origen": "fecha_evento",
    "campo_destino": "fecha_evento",
    "transformacion_aplicada": null,
    "recomendaciones": ""
  },
  {
    "id": "fld-603",
    "consulta": "insert into resultados_z.mart select id_registro, fecha_evento, status from proceso_z.clean",
    "tabla_origen": "proceso_z.clean",
    "tabla_destino": "resultados_z.mart",
    "campo_origen": "status",
    "campo_destino": "status",
    "transformacion_aplicada": null,
    "recomendaciones": ""
  },
  {
    "id": "fld-701",
    "consulta": "insert into resultados_y.report select codigo, nombre from proceso_y.aux",
    "tabla_origen": "proceso_y.aux",
    "tabla_destino": "resultados_y.report",
    "campo_origen": "codigo",
    "campo_destino": "codigo",
    "transformacion_aplicada": null,
    "recomendaciones": ""
  },
  {
    "id": "fld-702",
    "consulta": "insert into resultados_y.report select codigo, nombre from proceso_y.aux",
    "tabla_origen": "proceso_y.aux",
    "tabla_destino": "resultados_y.report",
    "campo_origen": "nombre",
    "campo_destino": "nombre",
    "transformacion_aplicada": "initcap(nombre)",
    "recomendaciones": ""
  },
  {
    "id": "fld-801",
    "consulta": "insert into proceso_a.clean_a select id_registro, fecha, monto from s_bani_a.raw_a",
    "tabla_origen": "s_bani_a.raw_a",
    "tabla_destino": "proceso_a.clean_a",
    "campo_origen": "id_registro",
    "campo_destino": "id_registro",
    "transformacion_aplicada": "copy",
    "recomendaciones": ""
  },
  {
    "id": "fld-802",
    "consulta": "insert into proceso_a.clean_a select id_registro, fecha, monto from s_bani_a.raw_a",
    "tabla_origen": "s_bani_a.raw_a",
    "tabla_destino": "proceso_a.clean_a",
    "campo_origen": "fecha",
    "campo_destino": "fecha",
    "transformacion_aplicada": "to_timestamp(fecha)",
    "recomendaciones": ""
  },
  {
    "id": "fld-803",
    "consulta": "insert into proceso_a.clean_a select id_registro, fecha, monto from s_bani_a.raw_a",
    "tabla_origen": "s_bani_a.raw_a",
    "tabla_destino": "proceso_a.clean_a",
    "campo_origen": "monto",
    "campo_destino": "monto",
    "transformacion_aplicada": "cast(monto as decimal(18,2))",
    "recomendaciones": ""
  },
  {
    "id": "fld-804",
    "consulta": "insert into resultados_a.mart_a select id_registro, fecha, monto from proceso_a.clean_a",
    "tabla_origen": "proceso_a.clean_a",
    "tabla_destino": "resultados_a.mart_a",
    "campo_origen": "id_registro",
    "campo_destino": "id_registro",
    "transformacion_aplicada": null,
    "recomendaciones": ""
  },
  {
    "id": "fld-805",
    "consulta": "insert into resultados_a.mart_a select id_registro, fecha, monto from proceso_a.clean_a",
    "tabla_origen": "proceso_a.clean_a",
    "tabla_destino": "resultados_a.mart_a",
    "campo_origen": "fecha",
    "campo_destino": "fecha",
    "transformacion_aplicada": null,
    "recomendaciones": ""
  },
  {
    "id": "fld-806",
    "consulta": "insert into resultados_a.mart_a select id_registro, fecha, monto from proceso_a.clean_a",
    "tabla_origen": "proceso_a.clean_a",
    "tabla_destino": "resultados_a.mart_a",
    "campo_origen": "monto",
    "campo_destino": "monto",
    "transformacion_aplicada": null,
    "recomendaciones": ""
  },
  {
    "id": "fld-901",
    "consulta": "insert into proceso_c.stage_c select codigo, desc_col from s_bani_c.raw_c",
    "tabla_origen": "s_bani_c.raw_c",
    "tabla_destino": "proceso_c.stage_c",
    "campo_origen": "codigo",
    "campo_destino": "codigo",
    "transformacion_aplicada": "copy",
    "recomendaciones": ""
  },
  {
    "id": "fld-902",
    "consulta": "insert into proceso_c.stage_c select codigo, desc_col from s_bani_c.raw_c",
    "tabla_origen": "s_bani_c.raw_c",
    "tabla_destino": "proceso_c.stage_c",
    "campo_origen": "desc_col",
    "campo_destino": "descripcion",
    "transformacion_aplicada": "trim(desc_col)",
    "recomendaciones": ""
  },
  {
    "id": "fld-903",
    "consulta": "insert into proceso_c.curated_c select codigo, descripcion from proceso_c.stage_c",
    "tabla_origen": "proceso_c.stage_c",
    "tabla_destino": "proceso_c.curated_c",
    "campo_origen": "codigo",
    "campo_destino": "codigo",
    "transformacion_aplicada": null,
    "recomendaciones": ""
  },
  {
    "id": "fld-904",
    "consulta": "insert into proceso_c.curated_c select codigo, descripcion from proceso_c.stage_c",
    "tabla_origen": "proceso_c.stage_c",
    "tabla_destino": "proceso_c.curated_c",
    "campo_origen": "descripcion",
    "campo_destino": "descripcion",
    "transformacion_aplicada": "initcap(descripcion)",
    "recomendaciones": ""
  },
  {
    "id": "fld-905",
    "consulta": "insert into resultados_c.mart_c select codigo, descripcion from proceso_c.curated_c",
    "tabla_origen": "proceso_c.curated_c",
    "tabla_destino": "resultados_c.mart_c",
    "campo_origen": "codigo",
    "campo_destino": "codigo",
    "transformacion_aplicada": null,
    "recomendaciones": ""
  },
  {
    "id": "fld-906",
    "consulta": "insert into resultados_c.mart_c select codigo, descripcion from proceso_c.curated_c",
    "tabla_origen": "proceso_c.curated_c",
    "tabla_destino": "resultados_c.mart_c",
    "campo_origen": "descripcion",
    "campo_destino": "descripcion",
    "transformacion_aplicada": null,
    "recomendaciones": ""
  },
  {
    "id": "fld-1001",
    "consulta": "insert into proceso_c.audit_c select session_id, user_id, evento from s_bani_c.logs_c",
    "tabla_origen": "s_bani_c.logs_c",
    "tabla_destino": "proceso_c.audit_c",
    "campo_origen": "session_id",
    "campo_destino": "session_id",
    "transformacion_aplicada": "copy",
    "recomendaciones": ""
  },
  {
    "id": "fld-1002",
    "consulta": "insert into proceso_c.audit_c select session_id, user_id, evento from s_bani_c.logs_c",
    "tabla_origen": "s_bani_c.logs_c",
    "tabla_destino": "proceso_c.audit_c",
    "campo_origen": "user_id",
    "campo_destino": "user_id",
    "transformacion_aplicada": "trim(user_id)",
    "recomendaciones": ""
  },
  {
    "id": "fld-1003",
    "consulta": "insert into proceso_c.audit_c select session_id, user_id, evento from s_bani_c.logs_c",
    "tabla_origen": "s_bani_c.logs_c",
    "tabla_destino": "proceso_c.audit_c",
    "campo_origen": "evento",
    "campo_destino": "evento",
    "transformacion_aplicada": "lower(evento)",
    "recomendaciones": ""
  },
  {
    "id": "fld-1004",
    "consulta": "insert into proceso_c.audit_curated select session_id, user_id, evento from proceso_c.audit_c",
    "tabla_origen": "proceso_c.audit_c",
    "tabla_destino": "proceso_c.audit_curated",
    "campo_origen": "session_id",
    "campo_destino": "session_id",
    "transformacion_aplicada": null,
    "recomendaciones": ""
  },
  {
    "id": "fld-1005",
    "consulta": "insert into proceso_c.audit_curated select session_id, user_id, evento from proceso_c.audit_c",
    "tabla_origen": "proceso_c.audit_c",
    "tabla_destino": "proceso_c.audit_curated",
    "campo_origen": "user_id",
    "campo_destino": "user_id",
    "transformacion_aplicada": "upper(user_id)",
    "recomendaciones": ""
  },
  {
    "id": "fld-1006",
    "consulta": "insert into proceso_c.audit_curated select session_id, user_id, evento from proceso_c.audit_c",
    "tabla_origen": "proceso_c.audit_c",
    "tabla_destino": "proceso_c.audit_curated",
    "campo_origen": "evento",
    "campo_destino": "evento",
    "transformacion_aplicada": "replace(evento,'error','err')",
    "recomendaciones": ""
  },
  {
    "id": "fld-1007",
    "consulta": "insert into resultados_c.audit_report select session_id, user_id, evento from proceso_c.audit_curated",
    "tabla_origen": "proceso_c.audit_curated",
    "tabla_destino": "resultados_c.audit_report",
    "campo_origen": "session_id",
    "campo_destino": "session_id",
    "transformacion_aplicada": null,
    "recomendaciones": ""
  },
  {
    "id": "fld-1008",
    "consulta": "insert into resultados_c.audit_report select session_id, user_id, evento from proceso_c.audit_curated",
    "tabla_origen": "proceso_c.audit_curated",
    "tabla_destino": "resultados_c.audit_report",
    "campo_origen": "user_id",
    "campo_destino": "user_id",
    "transformacion_aplicada": null,
    "recomendaciones": ""
  },
  {
    "id": "fld-1009",
    "consulta": "insert into resultados_c.audit_report select session_id, user_id, evento from proceso_c.audit_curated",
    "tabla_origen": "proceso_c.audit_curated",
    "tabla_destino": "resultados_c.audit_report",
    "campo_origen": "evento",
    "campo_destino": "evento",
    "transformacion_aplicada": null,
    "recomendaciones": ""
  }
]
